model,n_train,n_test,test_period,r2,mae,rmse,mape,corr,best_params
XGBoost,4461,1913,2022-06 ~ 2024-12,0.944821824510088,0.39806244071388436,0.5387514986583263,2.119063878471135,0.9763214543444609,"{'n_estimators': 506, 'max_depth': 4, 'learning_rate': 0.021922886164557967, 'subsample': 0.803784084748294, 'colsample_bytree': 0.6321499058216585, 'min_child_weight': 1, 'reg_alpha': 0.00031832812290134236, 'reg_lambda': 0.0006689223074082784, 'gamma': 0.017393075831451187}"
