model,n_train,n_test,test_period,r2,mae,rmse,mape,corr,best_params
XGBoost,4595,1970,2022-06 ~ 2024-12,0.862760150122271,0.5856631196522201,0.8546038576239713,3.1291790078717208,0.9339146545006678,"{'n_estimators': 265, 'max_depth': 7, 'learning_rate': 0.028980700889409163, 'subsample': 0.7648890377924906, 'colsample_bytree': 0.8375365784231094, 'min_child_weight': 4, 'reg_alpha': 5.5430336010617465, 'reg_lambda': 0.0010790173901553243, 'gamma': 0.0004634261156757281}"
