model,holdout_region,harbor_size,n_train,n_test,r2,mae,rmse,mape,corr,best_params
XGBoost_LOO_Raw,Hawaiian Islands -- 56050,Medium,2020,213,-1.380257947538189,3.4289677933811404,3.9817667893662003,22.965324788990635,0.8964822554903186,"{'n_estimators': 880, 'max_depth': 3, 'learning_rate': 0.2521998809372806, 'subsample': 0.9730981194273918, 'colsample_bytree': 0.5771088743006124, 'min_child_weight': 7, 'reg_alpha': 2.94725380603627e-07, 'reg_lambda': 0.0006494142280033772, 'gamma': 3.130116508199217e-06}"
XGBoost_LOO_Adj,Hawaiian Islands -- 56050,Medium,2020,213,0.8736050976602402,0.6872546295218244,0.9175475656925027,4.430378455295711,0.9712003933723301,"{'n_estimators': 880, 'max_depth': 3, 'learning_rate': 0.2521998809372806, 'subsample': 0.9730981194273918, 'colsample_bytree': 0.5771088743006124, 'min_child_weight': 7, 'reg_alpha': 2.94725380603627e-07, 'reg_lambda': 0.0006494142280033772, 'gamma': 3.130116508199217e-06}"
