model,holdout_region,harbor_size,n_train,n_test,r2,mae,rmse,mape,corr,best_params
XGBoost_LOO_Raw,Hawaiian Islands -- 56050,Medium,2020,213,-1.374253807086553,3.3493853103850193,3.9767416654349725,22.60056589988647,0.9205052186885758,"{'n_estimators': 64, 'max_depth': 11, 'learning_rate': 0.01002151194467287, 'subsample': 0.8144717379515274, 'colsample_bytree': 0.5299262174751678, 'min_child_weight': 3, 'reg_alpha': 0.0006119463097746996, 'reg_lambda': 2.210364895697281e-05, 'gamma': 0.0014270899681101603}"
XGBoost_LOO_Adj,Hawaiian Islands -- 56050,Medium,2020,213,0.9369333742555892,0.49316450258125877,0.6481322112094734,3.111020696374971,0.9734828888470455,"{'n_estimators': 64, 'max_depth': 11, 'learning_rate': 0.01002151194467287, 'subsample': 0.8144717379515274, 'colsample_bytree': 0.5299262174751678, 'min_child_weight': 3, 'reg_alpha': 0.0006119463097746996, 'reg_lambda': 2.210364895697281e-05, 'gamma': 0.0014270899681101603}"
