model,n_train,n_test,test_period,r2,mae,rmse,mape,corr,best_params
XGBoost,4988,2139,2022-04 ~ 2024-12,0.9330469650074805,0.4460471897192448,0.590854804726878,2.3671384334012946,0.975847731247258,"{'n_estimators': 274, 'max_depth': 9, 'learning_rate': 0.18266145263423655, 'subsample': 0.5056567092733831, 'colsample_bytree': 0.9977103696656993, 'min_child_weight': 6, 'reg_alpha': 4.3929819391768003e-07, 'reg_lambda': 3.979479707509037e-05, 'gamma': 2.3110217574360187e-08}"
